HASH	CHEATCODE
70164385	11101000001011001001000100100001
70164385	659408676
70164385	CWJXUOC
70164385	DFYUYOOS
70164385	DOUDLKNL
70164385	DYOCIXAP
70164385	EYKTSSO
70164385	LUZAWRP
70164385	SDWASSDWWSASSDDS
00000000	0010001111111111111110010010010
00000000	012757995
00000000	10110100111011001101110010101010
00000000	AWAWDASWADDDWSDA
00000000	JQNTDMH
00000000	UGXDSCK
02C83A7C	0111011000011100011000110011111
02C83A7C	10110010100101001011001010011
02C83A7C	11100001000011110100011010110000
02C83A7C	AAAADADSAWADAW
02C83A7C	DYPXKPUM
02C83A7C	SWSASAADDASDDDSW
040CF761	00111001000100100110010100100001
040CF761	AADDDSWDDASSSADA
040CF761	BRJFWCY
040CF761	DNPREMVF
040CF761	DQFDUZXE
040CF761	RFLOBPI
040CF761	SAAWWSDDSWAAASDS
040CF761	THMCDLE
040CF761	YECGAA
0D5C6A4E	0001101111011101100001111110
0D5C6A4E	00101011111110010100101000111110
0D5C6A4E	1011110011101010011011111011000
0D5C6A4E	AWSDSWWSWAWSWDAS
0D5C6A4E	DSDAWDDWAWASWSDD
0D5C6A4E	SZCMAWO
0D5C6A4E	UTBAGKC
0D5C6A4E	ZVRXEVP
151BDCB3	0010011000011111110011000011011
151BDCB3	10110001000011001110100110111000
151BDCB3	11100010100101110001110110010
151BDCB3	BAGUVIX
151BDCB3	DBKWTPYE
151BDCB3	DDEVXVEI
151BDCB3	DKGFATXZ
151BDCB3	DMIGMRDV
151BDCB3	DOFYPUT
151BDCB3	DTQPQCVY
151BDCB3	MCWLTTK
171BA8CC	000010110000001101001011011001
171BA8CC	01101001010001110010001110110111
171BA8CC	ASWDDDWSASSSWSAA
171BA8CC	AWDSWSAWASAADASD
171BA8CC	DECTCSZP
171BA8CC	DJADZQGC
171BA8CC	DZUBSDTS
171BA8CC	EEGCYXT
171BA8CC	UQAJLKD
171BA8CC	ZSQSNVW
1792D871	00011001000101110011110001000101
1792D871	DIMYGKAL
1792D871	DWDDSWDSSADDSDSD
1A5526BC	01101100011011101100111101110010
1A5526BC	100110110011010001110001010
1A5526BC	1111101101111101111010101111110
1A5526BC	DHOHBDGS
1A5526BC	JUMPJET
1A9AA3D6	00100010010101010101110001101
1A9AA3D6	01110001110011101010100001000000
1A9AA3D6	1110011011011101100011011100111
1A9AA3D6	DFUJBBTL
1A9AA3D6	UDMSHIE
1A9AA3D6	WASWAASSDSAADAAD
1A9AA3D6	XICWMD
2781E797	00000010011010100100001100110010
2781E797	1001010101111001011001101011110
2781E797	111101010011000011111101000
2781E797	BEKKNQV
2781E797	DFGILHWE
2781E797	DIEYUJJV
2781E797	DKJGHMZ
2781E797	DOKXYLVZ
2781E797	SWDWADWAWWSDSWAD
2A845345	095588366
2A845345	11100000001101100001010001000001
2A845345	DDDDDDDAAAAAADWD
2A845345	DDTXWSFR
2A845345	DMXIBWGM
2BC1A045	001110011100000101000000001001
2BC1A045	01011011100001010010100011110111
2BC1A045	BGKGTJH
2BC1A045	DBIDZUUI
2BC1A045	DDGEVSIE
2BC1A045	DIJKRVD
2BC1A045	DKEUOQTV
2BC1A045	DMKTCWHZ
2BC1A045	KKZRPKW
2BC1A045	RSMNAYX
2BC1A045	WWASSSSWAADSWSAS
2BDD2FA1	01001000110110000101011001010010
2BDD2FA1	101111111000001011101000011
2BDD2FA1	1101111111001011011100111101110
2BDD2FA1	127855273
2BDD2FA1	481838349
2BDD2FA1	67659816
2BDD2FA1	DDDDAAAWSWSDDSAW
2BDD2FA1	DELPWACZ
2BDD2FA1	DSVWRRLF
2BDD2FA1	DZZFGVMY
2BDD2FA1	WDWDWAWSSSADAWA
2E8F84E8	0100111100000101111011100000010
2E8F84E8	11011000000101101100101110001010
2E8F84E8	CPKTNWT
2E8F84E8	DAXYBWXS
2E8F84E8	DHTHWSYL
2E8F84E8	WDSDSAAWWDWADDSS
2EF877DB	001111010111100000111010100111
2EF877DB	01011111001111000101001001001111
2EF877DB	ADWADDADASDASDW
31EA09CF	0100001111000001111011011001001
31EA09CF	11010100110100101100100000011100
31EA09CF	DIDKSNYN
31EA09CF	SWDSWDSAWSWDDWD
31EA09CF	VQIMAHA
31EA09CF	YSYTCUR
31F0C3CC	0000011100101100111100110111111
31F0C3CC	10010000001111111101011011110000
31F0C3CC	11000011101001000010001011011
31F0C3CC	FVTMNBZ
31F0C3CC	OZEXJCE
3484B5A7	0110000001101011111111110111000
3484B5A7	1100011101011100000101110010
3484B5A7	11110111011110001101101011111110
3484B5A7	FOOOXFT
3484B5A7	PUHJKIH
37BF1B4E	00001101111111110110010001110000
37BF1B4E	01011110011001001001000001011
37BF1B4E	1001101011101100010000011111111
37BF1B4E	DAKCVUOQ
37BF1B4E	DHGRCQNN
37BF1B4E	DNISOWRB
37BF1B4E	VPJTQWV
37BF1B4E	YRZMSJE
3A577325	00100110010010001101111001010111
3A577325	010001000000110010110110100001
3A577325	AAWDSWSASWDDDSAW
3A577325	BTCDBCB
3A577325	DAUAEILY
3A577325	DHYPPMMF
42AF1E28	10010100010010001011001110011111
42AF1E28	111101100000110011011011010011
42AF1E28	DJPOSMMA
42AF1E28	DUFYCZCB
42AF1E28	OSRBLHH
43DB914E	10001000000001010100111101000011
43DB914E	111010100100000100100111100100
43DB914E	554648640
43DB914E	AWDSSSDSSWASWDWS
43DB914E	DASWWDDSDSDSDWAW
43DB914E	DKYDIVEP
43DB914E	DTORYAKS
43DB914E	SSDASDDASASSWDSD
43DB914E	WADDWWWSDWWWAAWS
44453A17	10010111000101101110011101100001
44453A17	CFVFGMJ
44453A17	DGQMBXUC
44453A17	DWEKKMFS
44453A17	EHWJAQF
44453A17	JJGSCLU
44B34866	01010101001010001011010100111010
44B34866	1100001000111011100100001011010
44B34866	BIFBUZZ
44B34866	DCFQBGZZ
44B34866	DEHPNAFV
44B34866	DGGNSFV
44B34866	DSRWKRIJ
44B34866	FHYSTV
44B34866	TSAGFUF
4987D5EE	00100010011111011000110010101
4987D5EE	01110001111001100111100010000000
4987D5EE	1110011011110101010111010000111
4987D5EE	ADDWSADSWSDWWSD
4987D5EE	DDNIWKGZ
4987D5EE	DKLYNIZI
4987D5EE	DMBXBOFE
4987D5EE	DRTNRXHF
4987D5EE	RZHSUEW
4B137E45	11001011101000001100110001101001
4B137E45	DAASWSDADADSAWDA
4B137E45	DALRIIXN
4B137E45	DGBSEODB
4B137E45	DSSSWDAWWDAAASSW
4B137E45	DWVULZWR
4B137E45	DXTEUXJA
4B137E45	IOWDLAC
4FEDCCFF	01101110111001011101110001111100
4FEDCCFF	1111100111110110111110011111001
4FEDCCFF	DCGXDKIU
4FEDCCFF	DEIYHMUY
4FEDCCFF	DJKIQOHJ
4FEDCCFF	MROEMZH
4FEDCCFF	RDYUZTK
555FC201	000010000100111101001110100100
555FC201	01101010000010110010011001000011
555FC201	ASNAEB
555FC201	DMCQNRZS
555FC201	ERQPDNZ
555FC201	JPAIFSI
555FC201	SHVUWAF
555FC201	WSSDSWDAWDAWWSAS
555FC201	WWAASWAASSWDAS
5A783FAE	01010001110110110111100000101010
5A783FAE	1100011011001000010111011010010
5A783FAE	ADDAAWSSWSADSA
5A783FAE	AWSSDDSADSWWWDWW
5A783FAE	DAUCOWTC
5A783FAE	DNWSVUIP
5A783FAE	DQAEFBGS
5A783FAE	DXMTSFFL
5A783FAE	UZUMYMW
5BF12848	10000111001010000000010110111001
5BF12848	DHQDYCUN
5BF12848	DQISERGA
5BF12848	DWASAWSWSWASWD
5DAD0087	0111001011110101111010111011011
5DAD0087	10110110011111010011101000010
5DAD0087	11100101111001101100111000111000
5DAD0087	BSXSGGC
5DAD0087	DASSSWAADDWDSDAS
5DAD0087	DILFYOPJ
5DAD0087	DOBGUILF
5DAD0087	MQHJEZP
5DAD0087	WSDWSWSWDDSWWA
5FD1B49D	0101111011110110111110111101010
5FD1B49D	11001001111001011101111001011010
5FD1B49D	ASDWAAWDWSWWDWDW
5FD1B49D	ASSWDWSDDSDAASDA
5FD1B49D	KVGYZQK
5FD1B49D	RNPEKCD
5FD1B49D	SWADDDDADADASSAS
66516EBC	11010001110111000101011010100101
66516EBC	DOFBAJBC
66516EBC	LLQPFBN
66516EBC	UTFLWPA
66516EBC	WDDADASSADASAWDA
66516EBC	ZVVUUMR
675B8945	11110010101110100100000011000101
675B8945	DVJGUPOP
675B8945	DYHWLRRC
675B8945	SWADWDSSDSDDSSSW
675B8945	UBHYZHQ
680416B1	01100100000111010111000000010101
680416B1	DALHKSLB
680416B1	DGBIGUPN
680416B1	DNNXRQQQ
680416B1	OGXSDAG
680416B1	PQNCSOD
6C0FA650	00110110010110000010001111111101
6C0FA650	092196657
6C0FA650	BKXMDNE
6C0FA650	DEYABRI
6C0FA650	DHTOFWDE
6C0FA650	DNZNJQXI
6C0FA650	DQLXZFVJ
6C0FA650	MIHTFSV
6C0FA650	OFVIAC
74D4FCB1	0000111011111101000100111111011
74D4FCB1	10011001111011100011011001111000
74D4FCB1	11001010011101011100001001010
74D4FCB1	DBUDOUPX
74D4FCB1	DKYUZQQG
74D4FCB1	DMWTVWMK
74D4FCB1	NPPQBXJ
74D4FCB1	QFFAUVI
74D4FCB1	WAWSWWADDAWWAAA
74D4FCB1	WDSAWAADWWDWWWSA
74D4FCB1	WHGMSJE
74D4FCB1	XJWTQWV
74D4FCB1	ZEIIVG
771B83FC	0011010011000111010000110100101
771B83FC	10100011110101000110011011000100
771B83FC	ASDAAWWADAAASDDW
771B83FC	DABWDMMB
771B83FC	DGLVHKQN
771B83FC	WWDWASWWDWAS
78520E33	0110100100001101100100100000001
78520E33	11111110000111101011011110001100
78520E33	479151780
78520E33	ADDSWASDDWWWDSAW
78520E33	DMQKCUFV
7F80B950	01101001111101111010001001000101
7F80B950	DADWAWWASASASADD
7F80B950	DBTCPCLX
7F80B950	DKXREGMG
7F80B950	DMVSIAQK
7F80B950	DTNDUPCD
7F80B950	WSWWAASWWDDDWSWW
7F80B950	XJVSNAJ
80C1E54B	100110110110100000000000000010
80C1E54B	11111001001011000110100011011011
80C1E54B	COXEFGU
80C1E54B	DASWSDWSASWSAWAW
80C1E54B	DDDSADWAWWWDAD
80C1E54B	DDSSDSWSAWDSWDA
80C1E54B	DHQOOTVO
80C1E54B	JCIPBFJ
80C1E54B	WADDSWDSAWDWDAWS
80C1E54B	WWAAWWAWWDDAAWAD
80C1E54B	ZWOYWUZ
86988DAE	10011110011000001101000010101101
86988DAE	DPSHYYZL
86988DAE	URKQSRK
885D0B50	100001100010010101101111110000
885D0B50	11100100011000010000011100010011
885D0B50	843050562
885D0B50	LFGMHAL
8990D5E1	0100010001000000000000010001010
8990D5E1	11010011010100110010010010011010
8990D5E1	DBPJEOCG
8990D5E1	DRDLLZPW
8990D5E1	WANRLTW
8B828076	100000111111110010110101000011
8B828076	11100001101110001101110111011111
8B828076	DASASWSAWWDDSAS
8B828076	DSVJZXGL
8B828076	DWSDDWDDWSSASADS
8B828076	LIYOAAY
8B828076	UQNSPSV
8B828076	WSDWDWASWADWDWW
8CA870DD	10100010000110011001100101010001
8CA870DD	AWADDDSASASDDAAD
8CA870DD	DICRGDVB
8CA870DD	DOMSKBJN
8CA870DD	DVUDWSXA
8CA870DD	DYWTNQER
8CA870DD	IAVENJQ
8DED75BD	00100100101101000001111011101001
8DED75BD	DCRPHQKO
8DED75BD	DUHWMBDS
8DED75BD	JHJOECW
8DED75BD	WDADASAAAWDSAWWD
9A629401	00010001001000010001000110100001
9A629401	079412315
9A629401	AEDUWNV
9A629401	DLINDOMW
9A629401	GKEYQRZ
9A629401	NGTLUSE
A290FD8C	01000011110110010110000101101101
A290FD8C	BAGOWPG
A290FD8C	DBKMUIFE
A290FD8C	DDELYOZI
A290FD8C	DOFCQLK
A290FD8C	DTQJPZIY
A290FD8C	DWADSSASDSADWSAW
A290FD8C	KMVZSQX
A290FD8C	MCWVUMT
A290FD8C	RUAFBCW
A48A770B	00110111000110001111111111011101
A48A770B	AWDAAWSWDSSSSA
A48A770B	AWSWDASAADSDWSAW
A48A770B	DAVAWWOZ
A48A770B	DHZPBSNE
A48A770B	DNTQNURI
A48A770B	KGGGDKP
A48A770B	TQQWSES
A7613F99	0101011011011000000110000101
A7613F99	01100110111111001101010110001110
A7613F99	1111000111101111111100000000000
A7613F99	ADADWDAASWWSWDD
A7613F99	ASBHGRB
A7613F99	DCWDHBKX
A7613F99	DEYEDDWT
A7613F99	DSCBAWXH
A7613F99	DUMCMQDD
A7613F99	DZOSTSYW
A7613F99	NQRQEOQ
A7613F99	QGDARAR
A7613F99	WADWWSDDSSWASASA
A841CC0A	01010110010110111111010110011010
A841CC0A	1100000101001000110100000001010
A841CC0A	DWXSEJAT
A841CC0A	NCSGDAG
A841CC0A	QUEWSOD
ADFA640A	10001111100100110100000111001101
ADFA640A	CVWKXAM
ADFA640A	DGDFTAAS
ADFA640A	DXRPDVOP
ADFA640A	ULPNKNQ
B01D13B8	10101010011111010000000010101001
B01D13B8	718520906
B01D13B8	DOQMEICA
B01D13B8	DVIZYXQN
B01D13B8	YLTEICZ
B07D3B32	10000101010100001100000011111101
B07D3B32	DHVMXSXO
B07D3B32	DNXLTUDC
B07D3B32	JCNRUAD
B07D3B32	SDSWASDWSWDADWSA
B07D3B32	SSADAWSDWWASSWAD
B07D3B32	UUXBBOG
B22A28D1	01111010001100010011111011111101
B22A28D1	DCXEPNHI
B22A28D1	DJTTEJIV
B22A28D1	DLZUILUZ
B22A28D1	KJKSZPJ
B2AFE368	01111001111000111111101011000010
B2AFE368	1110111011110000110111110100110
B2AFE368	GUSNHDE
B2AFE368	HWCWJYV
B2AFE368	SSWWDWAADSASDWWS
B3B3E72A	000001110101010110001101001101
B3B3E72A	01100101000100011110010111100111
B3B3E72A	AAAWSAWDAAWSAWSA
B3B3E72A	DFTTDGXL
B3B3E72A	DOXEQCYS
B3B3E72A	DPNSATWP
B3B3E72A	DYBBTPVO
B3B3E72A	SJMAHPE
B3B3E72A	SWSADAASAADDAWDW
B3B3E72A	UDLMNLI
B5D40866	00000001011101000111011011011011
B5D40866	011000110011000000011110000010
B5D40866	278070763
B5D40866	DDSWWWSSWSAADDWS
B5D40866	DSZVXMNF
B5D40866	DUTWTKRJ
B5D40866	DZVGMIOY
B5D40866	SDAWWWWWSDSDDWWS
B5D40866	SWDWDSSSSSDWAWD
B5D40866	WASWSWASWWWWAA
B5D40866	WWSSSSWDSWSWSASS
B69E8532	00011101000101010101000110001010
B69E8532	1000101000000110011101000000010
B69E8532	DOGLKVAQ
B69E8532	PPGWJHT
B69E8532	SAWAADAASAAADDDS
B69E8532	SWWSWADWWWWDADS
B7013B1B	089677145
B7013B1B	100110001000001010001110101001
B7013B1B	11111010110001101110011001110111
B7013B1B	DCILBJOR
B7013B1B	DSAAWDSSSDDADWWD
B7013B1B	OUIQDMW
B7013B1B	YONTWBK
C25CDBFF	00000100100100011011100100001100
C25CDBFF	1001001110000010100111001000001
C25CDBFF	BMTPWHR
C25CDBFF	DAZBLSNV
C25CDBFF	DHVSYWOI
C25CDBFF	DNXRUQSE
C25CDBFF	KAEESIM
C25CDBFF	MODIUUA
C25CDBFF	SWAWSAAWWDSWDASS
C25CDBFF	TWSUDGN
C25CDBFF	WDDASSASDAWADWSA
CAEC94EE	01100000001100101110000011011001
CAEC94EE	512587943
CAEC94EE	ASDDAWADSASSAA
CAEC94EE	DVXFOXOQ
CAEC94EE	DWADDWDSAAWSADDW
CAEC94EE	DYZVVZRB
CAEC94EE	THGLOJ
CAEC94EE	VGYQHZV
CAEC94EE	YEIHJGE
CBC579DF	01111001010010000100001011111101
CBC579DF	56915531
CBC579DF	680611528
CBC579DF	CIKGCGX
CBC579DF	DHLLFRGC
CBC579DF	DWSDDSDWSSDWAASD
CBC579DF	DXXJOGTS
CBC579DF	JEZRGFG
CBC579DF	USLBPHD
CF5FDA18	00011010100011000111010100011
CF5FDA18	01001001000101111000000100110000
CF5FDA18	1101111000000100101001001011111
CF5FDA18	AWADDDSWWSSSADWD
CF5FDA18	DDDWWWSWWWWWSSDW
CF5FDA18	EHIBXQS
D08A30FE	00100110100001111110011011010010
D08A30FE	1011000110010100110000110101110
D08A30FE	110100011101110101011000111
D08A30FE	DKZXBDNA
D08A30FE	DMTYNBRM
D08A30FE	PDNEJOH
D08A30FE	VJOILSD
D08A30FE	WSDSDADASSWWAAAD
D4966D59	10100110110010110111101101011011
D4966D59	110001001000111100010011100010
D4966D59	DSSDAWDWDWADDDSA
D4966D59	JYSDSOD
D4966D59	LWRHUSH
D4966D59	UOETDAG
D5CF4EFF	00010011111011011100100001100001
D5CF4EFF	DSGXNESL
D5CF4EFF	WDSDSWDSSDSSASWA
D5CF4EFF	ZSOXFSQ
DBC0DD65	01011011100100001001100011111101
DBC0DD65	AADWSSDSWDDDSSS
DBC0DD65	CQZIJMB
DBC0DD65	DIEUSIOL
DBC0DD65	LSJPHPQ
DBC0DD65	WAAWDAWSWASWWSAW
DD6ED9E9	00100100001010011101111110101101
DD6ED9E9	764502685
DD6ED9E9	DQZLMJIH
DD6ED9E9	DWTMALUD
DD6ED9E9	WASWDWWADSWASDAS
DE4B237D	0111110101001100100000111100010
DE4B237D	11101010010111111010011001001010
DE4B237D	413190533
DE4B237D	ADASDADWDDSSASAA
DE4B237D	LXGIWYL
E1B33EB9	000010001000110111110100
E1B33EB9	0001101100010100110011010011001
E1B33EB9	10001100000001111110100010111100
E1B33EB9	AASAAWWSWSAADSDA
E1B33EB9	AEZAKMI
E1B33EB9	DCUJANOD
E1B33EB9	DDASASWSDSWSWSAD
E1B33EB9	DLWZXLRW
E1B33EB9	DSWWADSSSWWADWDA
E1B33EB9	HIKTOLV
E1B33EB9	NGJXIPZ
E1EF01EA	11110011101111110011000101000101
E1EF01EA	DDDDASDDDWAWWSW
E1EF01EA	ICIKPYH
E1EF01EA	OMHGVED
E1EF01EA	YWOBEJX
E49C3ED4	11001111100110110111100000000101
E49C3ED4	290157354
E49C3ED4	DFMHFTNS
E49C3ED4	DOAYSPOL
E49C3ED4	DPWOCGAO
E57F96CE	0101000011000001010000001001111
E57F96CE	10010100010010011001000100111
E57F96CE	11000111110100100110010100010000
E57F96CE	DROSPIIA
E57F96CE	SSSDSAAASDADAWAD
E63B0D99	00101010111110111111010110110101
E63B0D99	ASDSSSWSDSAADSA
E63B0D99	DBBKSMBF
E63B0D99	DKNZFICY
E63B0D99	DRVMZXQV
E63B0D99	KRIJEBR
E63B0D99	WDDWWWWWWAAASWDD
E63B0D99	WDSADADSWDAADSDA
E842F3BC	101100110101001010111011010111
E842F3BC	11010001000101101101001110001111
E842F3BC	ASDWDDWWWDSDSDDW
E842F3BC	DQKEYUMN
E842F3BC	DWEDUSQB
E842F3BC	DXGTLQLQ
E842F3BC	PGGOMOY
E842F3BC	SASWWWWADDAWDDW
E842F3BC	VIFCKSU
E842F3BC	WDWSDWDWWASDSAS
E842F3BC	YKVZINF
E958788A	0110001111001110000110010100001
E958788A	11110100110111010011110011001100
E958788A	BEJQAHE
E958788A	DASDAWAAWSSWWAW
E958788A	DFFSCQDE
E958788A	DIDCZSYV
E958788A	DOJBVUEZ
E958788A	DVRUJDWU
E958788A	DYPESFJF
E958788A	MGZHCUV
E958788A	OHDUDE
EECCEA2B	01101110101111001000001001010010
EECCEA2B	100110011110011000111100011
EECCEA2B	1111100110101111101001111101110
EECCEA2B	ASWDDDDAWSSSSDSS
EECCEA2B	DASWSSSWDWAADAWW
EECCEA2B	DOMQWCTD
EECCEA2B	DVUFKRFK
EECCEA2B	HESOYAM
EECCEA2B	SSWWDSSDASADWAW
F01286E9	101110011101001110001100000001
F01286E9	11011011100101111110010011010111
F01286E9	DADAWWASAADSADWW
F01286E9	DENQFVQR
F01286E9	DUZWOCBB
F01286E9	SDDDASAWDSASDSSA
F01286E9	VKYPQCF
F2AA0C1D	0100111011010100010100001001100
F2AA0C1D	035712841
F2AA0C1D	11011001110001110111010100010110
F2AA0C1D	499810740
F2AA0C1D	ASWWASWAWWSSASSS
F2AA0C1D	BIQQPIF
F2AA0C1D	DCQBGTFZ
F2AA0C1D	DSEDNAUJ
F2AA0C1D	DUKEBGIF
F2AA0C1D	MKAHRTU
F2AA0C1D	PRIEBJ
F2AA0C1D	TSVTCFZ
F36345A8	100101011001000101110100010001
F36345A8	11110111110101010001110010010111
F36345A8	699056823
F36345A8	DKDLCVZF
F36345A8	DMJMOPFJ
F36345A8	DTRZSATE
F36345A8	DWADSWWWDDAASDAS
F36345A8	MUNASEF
F36345A8	RCXQDKE
F46F2FA4	11101000001101000110011110001101
F46F2FA4	ASSDAADSDSDAWSWS
F46F2FA4	DYBUIAQF
F46F2FA4	MGHXYRM
F53EF5A5	0000101001000110011010001010
F53EF5A5	00111010011000101010010101111110
F53EF5A5	1010110101110001100000001111000
F53EF5A5	DAQCCRUN
F53EF5A5	DWKDFAZR
F53EF5A5	IOJUFZN
F53EF5A5	SAAWDASAWWDADASD
FA8DD45B	100111010010011000010011110011
FA8DD45B	11111111011000100111101100011111
FA8DD45B	DNNLDWCU
FA8DD45B	DXTKADLI
FA8DD45B	RIPAZHA
FCFF1D08	00001011111111101011011001000001
FCFF1D08	302808950
FCFF1D08	DVDANYIM
FCFF1D08	WAWDSDWSDDSDDWDS
FCFF1D08	YSOHNUL
FEDA77F7	00110000000000000011011110111010
FEDA77F7	1010011100010011000100100011010
FEDA77F7	DQFYWPPT
FEDA77F7	DWSWWASDASSWAAW
FEDA77F7	DXJHBTQK
FEDA77F7	HKLAPGZ
FEDA77F7	LJSPQK
FEDA77F7	SAWWWSWDDDWWDAW